{"cameraMode":{"drawMode":0,"name":"Shaded","section":"Shading Mode"},"sceneLighting":true,"audioPlay":false,"sceneViewState":{"m_AlwaysRefresh":false,"showFog":true,"showSkybox":true,"showFlares":true,"showImageEffects":true,"showParticleSystems":true,"showVisualEffectGraphs":true,"m_FxEnabled":true},"in2DMode":false,"pivot":{"x":-1.208711862564087,"y":2.2144217491149904,"z":-8.03914737701416},"rotation":{"x":-0.25879377126693728,"y":-0.016807951033115388,"z":0.004502620082348585,"w":-0.9657920002937317},"size":0.35613498091697695,"orthographic":false}